username,date,retweets,favorites,comments,text,geo,mentions,hashtags,tweetid,conversationid,replyto,permalink,imagelink
"TawniVixen","2018-07-30-19:17",0,0,0,"MT @ Pontifex says separation of migrant children 'contrary to our Catholic values, immoral' | Fox http://www.foxnews.com/world/2018/06/20/pope-francis-says-separation-migrant-children-contrary-to-our-catholic-values-immoral.htmlaa … @ proudUScatholic","","@ Pontifex @ proudUScatholic","","1024071490017402880","1024070165061951494","","https://twitter.com/TawniVixen/status/1024071490017402880","https://pbs.twimg.com/profile_images/1027010994265042944/FyRX3M29_normal.jpg"
"JachinBoaz2","2018-07-27-00:07",0,0,0,"@ realDonaldTrump @ POTUS @ FLOTUS @ SecondLady @ VP @ USCCB @ Presbyterian @ MethodistGB @ UMWomen @ BaptistCourier @ unitedmetho @ Pontifex READ TRAILING TWEET - IMMORAL family/children separation/imprisonment. Where R our religious leaders? Where is our Congress? Where is the outrage? https://twitter.com/nowthisnews/status/1022671163552686085 …","","@ realDonaldTrump @ POTUS @ FLOTUS @ SecondLady @ VP @ USCCB @ Presbyterian @ MethodistGB @ UMWomen @ BaptistCourier @ unitedmetho @ Pontifex","","1022694831271882752","","","https://twitter.com/JachinBoaz2/status/1022694831271882752","https://pbs.twimg.com/amplify_video_thumb/1022539135465218048/img/K7TBdVv4EODQpyh5.jpg"
"JachinBoaz2","2018-07-26-20:46",0,0,0,"@ USCCB @ CatholicHerald @ Presbyterian @ MethodistGB @ UMWomen @ SouthernBaptist @ WOMAN @ womensmarch @ Pontifex Family separation/imprisonment is Immoral! @ RepJayapalhttps://twitter.com/RepJayapal/status/1022486755776311297 …","","@ USCCB @ CatholicHerald @ Presbyterian @ MethodistGB @ UMWomen @ SouthernBaptist @ WOMAN @ womensmarch @ Pontifex @ RepJayapalhttps","","1022644370808496128","","","https://twitter.com/JachinBoaz2/status/1022644370808496128",""
"JachinBoaz2","2018-07-23-17:44",0,0,0,"Why don't you find the children and reunite the families. U both are immoral despite fact that you wear UR religion on UR sleeve. God does not condone separation/imprisonment of families/children! @ womensmarch @ AMarch4OurLives @ NAACP @ USCCB @ Pontifex @ Presbyterian @ MethodistGB","","@ womensmarch @ AMarch4OurLives @ NAACP @ USCCB @ Pontifex @ Presbyterian @ MethodistGB","","1021511321542643713","1021471636908896256","VP POTUS","https://twitter.com/JachinBoaz2/status/1021511321542643713",""
"JachinBoaz2","2018-07-18-18:35",0,0,0,"@ realDonaldTrump @ POTUS @ HouseGOP @ HouseDemocrats @ SenateGOP @ SenateDems @ USCCB @ Pontifex @ nyphospital USG is not going to respond rapidly to immoral family separation/imprisonment. God does not condone this Immoral action @ WOMAN @ IvankaTrump @ FLOTUS # MAGA # FamiliesBelongTogether https://twitter.com/Reuters/status/1019706669809455104 …","","@ realDonaldTrump @ POTUS @ HouseGOP @ HouseDemocrats @ SenateGOP @ SenateDems @ USCCB @ Pontifex @ nyphospital @ WOMAN @ IvankaTrump @ FLOTUS","# MAGA # FamiliesBelongTogether","1019712302214414336","","","https://twitter.com/JachinBoaz2/status/1019712302214414336",""
"V_andG","2018-07-12-09:16",0,0,0,"Pope Francis thinks border family separations are 'immoral' https://www.cbsnews.com/news/pope-francis-donald-trump-border-children-separating-families-immoral-catholic/ …","","","","1017397348761243648","","","https://twitter.com/V_andG/status/1017397348761243648",""
"JachinBoaz2","2018-07-12-08:23",0,0,0,"@ FLOTUS @ IvankaTrump @ POTUS @ WhiteHouse @ VP Have you no shame? God DOES NOT condone separation/imprisonment of families/children. This is immoral! What would you do if your children were imprisoned like this? @ USCCB @ Pontifex @ JewishChron @ JTAnews @ GailCas42208108https://twitter.com/GailCas42208108/status/1017274658184417280 …","","@ FLOTUS @ IvankaTrump @ POTUS @ WhiteHouse @ VP @ USCCB @ Pontifex @ JewishChron @ JTAnews @ GailCas42208108https","","1017383846776623104","","","https://twitter.com/JachinBoaz2/status/1017383846776623104",""
"cjprinceauthor","2018-07-12-06:02",0,0,0,"Pope Francis thinks border family separations are 'immoral' https://www.cbsnews.com/news/pope-francis-donald-trump-border-children-separating-families-immoral-catholic/ …","","","","1017348542631849984","","","https://twitter.com/cjprinceauthor/status/1017348542631849984",""
"Whiteboy_Slim","2018-07-10-21:58",0,0,0,"Pope Francis thinks border family separations are 'immoral' https://www.cbsnews.com/news/pope-francis-donald-trump-border-children-separating-families-immoral-catholic/ …","","","","1016864396923064320","","","https://twitter.com/Whiteboy_Slim/status/1016864396923064320",""
"BiancaJagger","2018-07-10-19:42",29,66,5,"Who wouldn’t agree with # PopeFrancis? RT Pope Francis thinks border family separations are 'immoral' https://www.cbsnews.com/news/pope-francis-donald-trump-border-children-separating-families-immoral-catholic/ … via @ CBSNews","","@ CBSNews","# PopeFrancis","1016830160346210305","","","https://twitter.com/BiancaJagger/status/1016830160346210305",""
"arlingtonfocus","2018-07-10-17:38",0,0,0,"Pope Francis thinks border family separations are 'immoral' https://www.cbsnews.com/news/pope-francis-donald-trump-border-children-separating-families-immoral-catholic/ …","","","","1016798807101792256","","","https://twitter.com/arlingtonfocus/status/1016798807101792256",""
"dia14wall","2018-07-10-06:41",0,0,0,"Pope Francis thinks border family separations are 'immoral' https://cbsn.ws/2zgIsuh","","","","1016633383005380608","","","https://twitter.com/dia14wall/status/1016633383005380608",""
"JosManuelGalvo2","2018-07-08-08:30",0,0,0,"Pope Francis thinks border family separations are 'immoral' https://www.cbsnews.com/news/pope-francis-donald-trump-border-children-separating-families-immoral-catholic/ … via @ CBSNews","","@ CBSNews","","1015936246382809089","","","https://twitter.com/JosManuelGalvo2/status/1015936246382809089",""
"bdaraio","2018-07-08-03:57",0,0,0,"Pope Francis thinks border family separations are 'immoral' https://www.cbsnews.com/news/pope-francis-donald-trump-border-children-separating-families-immoral-catholic/ …","","","","1015867549777629184","","","https://twitter.com/bdaraio/status/1015867549777629184",""
"TownsendRosa","2018-07-07-13:34",0,0,0,"Pope Francis thinks border family separations are 'immoral' https://www.cbsnews.com/news/pope-francis-donald-trump-border-children-separating-families-immoral-catholic/ … via @ CBSNews","","@ CBSNews","","1015650200755597312","","","https://twitter.com/TownsendRosa/status/1015650200755597312",""
"AnitaFinlay","2018-07-07-01:14",6,10,1,"Pope Francis thinks border family separations are 'immoral' https://www.cbsnews.com/news/pope-francis-donald-trump-border-children-separating-families-immoral-catholic/ … via @ CBSNews","","@ CBSNews","","1015464095787565056","","","https://twitter.com/AnitaFinlay/status/1015464095787565056",""
"Psyched55","2018-07-06-22:20",0,0,0,"Not even God is on your side. Pope Francis thinks border family separations are 'immoral' https://www.cbsnews.com/news/pope-francis-donald-trump-border-children-separating-families-immoral-catholic/ …","","","","1015420134846951426","1015033658548207616","realDonaldTrump","https://twitter.com/Psyched55/status/1015420134846951426",""
"13WJM","2018-07-06-21:48",3,7,0,"Pope Francis thinks border family separations are 'immoral' https://www.cbsnews.com/news/pope-francis-donald-trump-border-children-separating-families-immoral-catholic/ …","","","","1015412203535634432","","","https://twitter.com/13WJM/status/1015412203535634432",""
"arlingtonfocus","2018-07-06-21:08",0,0,0,"Pope Francis thinks border family separations are 'immoral' https://www.cbsnews.com/news/pope-francis-donald-trump-border-children-separating-families-immoral-catholic/ …","","","","1015402018280755201","","","https://twitter.com/arlingtonfocus/status/1015402018280755201",""
"LauraHennesse11","2018-07-06-20:55",0,0,0,"Pope Francis thinks border family separations are 'immoral' https://www.cbsnews.com/news/pope-francis-donald-trump-border-children-separating-families-immoral-catholic/ …","","","","1015398812884570113","","","https://twitter.com/LauraHennesse11/status/1015398812884570113",""
"Fuksoks","2018-07-06-20:29",0,0,0,"We have plenty of room for you at the Abolish ICE protests, Father. Please join us. Pope Francis thinks border family separations are 'immoral' https://www.cbsnews.com/news/pope-francis-donald-trump-border-children-separating-families-immoral-catholic/ … via @ CBSNews","","@ CBSNews","","1015392367271141377","","","https://twitter.com/Fuksoks/status/1015392367271141377",""
"JETinsleyRoe","2018-07-06-20:15",2,1,0,"Pope Francis thinks border family separations are 'immoral' http://www.cbsnews.com/news/pope-francis-donald-trump-border-children-separating-families-immoral-catholic/?ftag=COS-05-10aaa0h&utm_campaign=trueAnthem%3A+Trending+Content&utm_content=5b2f838a04d3017f0c62f9b3&utm_medium=trueAnthem&utm_source=facebook …","","","","1015388818525114368","","","https://twitter.com/JETinsleyRoe/status/1015388818525114368",""
"FriendsOfHerman","2018-07-06-19:54",0,0,0,"Pope Francis listens to the @ usccb and calls border separations 'immoral.' And he's 100% correct. Bishops, please emphasize this with the parish pastors so they can speak to the laity about it. Thank you, especially @ BshpSheridanCS. https://www.cbsnews.com/news/pope-francis-donald-trump-border-children-separating-families-immoral-catholic/ …","","@ usccb @ BshpSheridanCS","","1015383630745440256","","","https://twitter.com/FriendsOfHerman/status/1015383630745440256",""
"steveplrose","2018-07-06-19:51",0,0,0,"Pope Francis thinks border family separations are 'immoral' https://www.cbsnews.com/news/pope-francis-donald-trump-border-children-separating-families-immoral-catholic/ …","","","","1015382729892954112","","","https://twitter.com/steveplrose/status/1015382729892954112",""
"sdesserman","2018-07-06-19:43",0,0,0,"Pope Francis says Trump administration border family separations policy 'immoral,' contrary to 'Catholic values'","","","","1015380861649346560","1013610715742130176","ZoeyPeony JudicialWatch","https://twitter.com/sdesserman/status/1015380861649346560",""
"MichaelKitces","2018-07-06-18:29",0,2,1,"'Pope Francis thinks border family separations are 'immoral'' https://kitc.es/2zjrM5q pic.twitter.com/zY6MVJ2Vaa","","","","1015362077278556166","","","https://twitter.com/MichaelKitces/status/1015362077278556166","https://pbs.twimg.com/media/DhdKbZnVAAAkBAa.jpg"
"kayranmon","2018-07-06-18:09",0,0,0,"Pope Francis thinks border family separations are 'immoral' https://www.cbsnews.com/news/pope-francis-donald-trump-border-children-separating-families-immoral-catholic/ … via @ CBSNews Is there still such a thing as Papal Interdict?","","@ CBSNews","","1015357194823401473","","","https://twitter.com/kayranmon/status/1015357194823401473",""
"patty_kerr","2018-07-06-16:21",1,1,0,"Pope Francis thinks border family separations are 'immoral' https://www.cbsnews.com/news/pope-francis-donald-trump-border-children-separating-families-immoral-catholic/ … via @ CBSNews","","@ CBSNews","","1015329845788729344","","","https://twitter.com/patty_kerr/status/1015329845788729344",""
"IAmJoeTrudeau","2018-07-06-15:32",0,0,0,"Pope Francis thinks border family separations are 'immoral' https://www.cbsnews.com/news/pope-francis-donald-trump-border-children-separating-families-immoral-catholic/ …","","","","1015317656499437568","","","https://twitter.com/IAmJoeTrudeau/status/1015317656499437568",""
"itsmommy","2018-07-06-15:31",0,0,0,"Pope Francis thinks border family separations are 'immoral' https://www.cbsnews.com/news/pope-francis-donald-trump-border-children-separating-families-immoral-catholic/ …","","","","1015317305365090305","","","https://twitter.com/itsmommy/status/1015317305365090305",""
"MarisaWard57","2018-07-06-15:05",0,0,0,"@ realDonaldTrump Kinda hard to get a Pope to say something bad about you or your policies but you managed it, # DonnieDimwit. Pope Francis thinks border family separations are 'immoral' https://www.cbsnews.com/news/pope-francis-donald-trump-border-children-separating-families-immoral-catholic/ … via @ CBSNews","","@ realDonaldTrump @ CBSNews","# DonnieDimwit","1015310878013579264","","","https://twitter.com/MarisaWard57/status/1015310878013579264",""
"NHFTHR","2018-07-06-14:57",0,0,0,"There are no Christians in Trumps @ GOP. Pope Francis thinks border family separations are 'immoral' https://www.cbsnews.com/news/pope-francis-donald-trump-border-children-separating-families-immoral-catholic/ …","","@ GOP","","1015308713601720321","","","https://twitter.com/NHFTHR/status/1015308713601720321",""
"Roshan_Rinaldi","2018-07-06-12:12",1,1,0,"Pope Francis thinks border family separations are 'immoral' https://www.cbsnews.com/news/pope-francis-donald-trump-border-children-separating-families-immoral-catholic/ … via @ CBSNews","","@ CBSNews","","1015267346389327877","","","https://twitter.com/Roshan_Rinaldi/status/1015267346389327877",""
"throwin_stones","2018-07-06-11:33",0,0,0,"What say you, @ SpeakerRyan ? Do we need to send the nuns after you again? cc: @ senrobportman Pope Francis thinks border family separations are 'immoral' https://www.cbsnews.com/news/pope-francis-donald-trump-border-children-separating-families-immoral-catholic/ … via @ CBSNews","","@ SpeakerRyan @ senrobportman @ CBSNews","","1015257422947127297","","","https://twitter.com/throwin_stones/status/1015257422947127297",""
"LuisSepulvedaNY","2018-07-06-10:15",0,2,0,"Pope Francis thinks border family separations are 'immoral' https://www.cbsnews.com/news/pope-francis-donald-trump-border-children-separating-families-immoral-catholic/ … via @ CBSNews","","@ CBSNews","","1015237848063270912","","","https://twitter.com/LuisSepulvedaNY/status/1015237848063270912",""
"gregorioayala","2018-07-06-09:34",0,0,0,"Pope Francis thinks border family separations are 'immoral' https://www.cbsnews.com/news/pope-francis-donald-trump-border-children-separating-families-immoral-catholic/ … via @ CBSNews","","@ CBSNews","","1015227494411235328","","","https://twitter.com/gregorioayala/status/1015227494411235328",""
"delgeo1","2018-07-06-09:20",0,1,1,"Pope Francis says Trump administration border family separations policy 'immoral,' contrary to 'Catholic values' https://cbsn.ws/2zgIsuh @ JustDJunior # PsychoTrump","","@ JustDJunior","# PsychoTrump","1015223888752635904","","","https://twitter.com/delgeo1/status/1015223888752635904",""
"ironstowe","2018-07-06-09:07",4,5,0,"# BREAKING The holy father weighs in on # TrumpConcentrationCamps Pope Francis says Trump administration border family separations policy 'immoral,' contrary to 'Catholic values' https://cbsn.ws/2zgIsuh","","","# BREAKING # TrumpConcentrationCamps","1015220619821178881","","","https://twitter.com/ironstowe/status/1015220619821178881",""
"nyc2surf","2018-07-06-09:04",0,0,0,"Pope Francis thinks border family separations are 'immoral' https://www.cbsnews.com/news/pope-francis-donald-trump-border-children-separating-families-immoral-catholic/ … via @ CBSNews","","@ CBSNews","","1015220045889392640","","","https://twitter.com/nyc2surf/status/1015220045889392640",""
"kittergeorge","2018-07-06-08:35",0,1,0,"Pope Francis says Trump administration border family separations policy 'immoral,' contrary to 'Catholic values'","","","","1015212608754872320","1015165640263524352","marcorubio","https://twitter.com/kittergeorge/status/1015212608754872320",""
"guaguaP11","2018-07-06-07:52",1,0,0,"Pope Francis thinks border family separations are 'immoral' and contrary to Catholic values and principles. https://www.cbsnews.com/news/pope-francis-donald-trump-border-children-separating-families-immoral-catholic/# …","","","# ","1015201930363187200","","","https://twitter.com/guaguaP11/status/1015201930363187200",""
"dmataconis","2018-07-06-07:11",894,1762,136,"Pope Francis says Trump administration border family separations policy 'immoral,' contrary to 'Catholic values' https://cbsn.ws/2zgIsuh","","","","1015191444292882432","","","https://twitter.com/dmataconis/status/1015191444292882432",""
"bain_asad","2018-07-06-02:06",0,0,0,"Pope Francis thinks border family separations are 'immoral' https://www.cbsnews.com/news/pope-francis-donald-trump-border-children-separating-families-immoral-catholic/ …","","","","1015114699065700352","","","https://twitter.com/bain_asad/status/1015114699065700352",""
"Chuckmeg","2018-07-05-23:46",1,0,0,"Pope Francis thinks border family separations are 'immoral' https://www.cbsnews.com/news/pope-francis-donald-trump-border-children-separating-families-immoral-catholic/ … via @ CBSNews","","@ CBSNews","","1015079486641991681","","","https://twitter.com/Chuckmeg/status/1015079486641991681",""
"Jalozyin","2018-07-05-16:44",0,0,0,"Pope Francis thinks border family separations are 'immoral' https://www.cbsnews.com/news/pope-francis-donald-trump-border-children-separating-families-immoral-catholic/ …","","","","1014973311292444672","","","https://twitter.com/Jalozyin/status/1014973311292444672",""
"Templarknight71","2018-07-05-15:25",0,0,0,"Pope Francis thinks border family separations are 'immoral' https://www.cbsnews.com/news/pope-francis-donald-trump-border-children-separating-families-immoral-catholic/ …","","","","1014953494204375040","","","https://twitter.com/Templarknight71/status/1014953494204375040",""
"OccupyRadio3","2018-07-05-12:59",0,0,0,"Pope Francis thinks border family separations are 'immoral' https://www.cbsnews.com/news/pope-francis-donald-trump-border-children-separating-families-immoral-catholic/ …","","","","1014916780794548225","","","https://twitter.com/OccupyRadio3/status/1014916780794548225",""
"arlingtonfocus","2018-07-05-10:36",0,0,0,"Pope Francis thinks border family separations are 'immoral' https://www.cbsnews.com/news/pope-francis-donald-trump-border-children-separating-families-immoral-catholic/ …","","","","1014880611360796672","","","https://twitter.com/arlingtonfocus/status/1014880611360796672",""
"PatriziaScally","2018-07-05-09:27",0,0,0,"Pope Francis thinks border family separations are 'immoral' https://www.cbsnews.com/news/pope-francis-donald-trump-border-children-separating-families-immoral-catholic/ …","","","","1014863421802778624","","","https://twitter.com/PatriziaScally/status/1014863421802778624",""
"THEYIKESME","2018-07-04-00:47",0,0,0,"Pope Francis thinks border family separations are 'immoral' http://www.cbsnews.com/news/pope-francis-donald-trump-border-children-separating-families-immoral-catholic/?ftag=COS-05-10aaa0h&utm_campaign=trueAnthem%3A+Trending+Content&utm_content=5b2f838a04d3017f0c62f9b3&utm_medium=trueAnthem&utm_source=facebook …","","","","1014369975916793856","","","https://twitter.com/THEYIKESME/status/1014369975916793856",""
"Salon_Olympia","2018-07-03-21:56",0,0,0,"Pope Francis thinks border family separations are 'immoral' https://www.cbsnews.com/news/pope-francis-donald-trump-border-children-separating-families-immoral-catholic/ …","","","","1014326949525774336","","","https://twitter.com/Salon_Olympia/status/1014326949525774336",""
"MImi_TheSound","2018-07-03-18:42",4,9,3,"Pope Francis thinks border family separations are 'immoral' https://www.cbsnews.com/news/pope-francis-donald-trump-border-children-separating-families-immoral-catholic/ …","","","","1014278315266326528","","","https://twitter.com/MImi_TheSound/status/1014278315266326528",""
"NLZingrone","2018-07-03-12:40",0,0,0,"Pope Francis thinks border family separations are 'immoral' https://www.cbsnews.com/news/pope-francis-donald-trump-border-children-separating-families-immoral-catholic/ …","","","","1014187038097240064","","","https://twitter.com/NLZingrone/status/1014187038097240064",""
"MichelleAmiSo","2018-07-03-12:13",0,0,0,"Pope Francis thinks border family separations are 'immoral' https://www.cbsnews.com/news/pope-francis-donald-trump-border-children-separating-families-immoral-catholic/ …","","","","1014180274710736897","","","https://twitter.com/MichelleAmiSo/status/1014180274710736897",""
"victorvallejo","2018-07-03-08:42",0,0,0,"Pope Francis thinks border family separations are 'immoral' https://www.cbsnews.com/news/pope-francis-donald-trump-border-children-separating-families-immoral-catholic/?ftag=COS-05-10aaa0h&utm_campaign=trueAnthem%3A+Trending+Content&utm_content=5b2f838a04d3017f0c62f9b3&utm_medium=trueAnthem&utm_source=facebook …","","","","1014127231893983233","","","https://twitter.com/victorvallejo/status/1014127231893983233",""
"Irishblondie77","2018-07-03-02:55",0,1,1,"Pope Francis thinks border family separations are 'immoral' https://www.cbsnews.com/news/pope-francis-donald-trump-border-children-separating-families-immoral-catholic/ …","","","","1014039949568610304","","","https://twitter.com/Irishblondie77/status/1014039949568610304","https://pbs.twimg.com/profile_images/561945885181894656/5i_1WnQ3_normal.jpeg"
"DogwoodDelights","2018-07-03-01:34",0,0,0,"Pope Francis thinks border family separations are 'immoral' https://www.cbsnews.com/news/pope-francis-donald-trump-border-children-separating-families-immoral-catholic/ …","","","","1014019568417861632","","","https://twitter.com/DogwoodDelights/status/1014019568417861632",""
"robvonurikon","2018-07-02-20:19",0,0,0,"Pope Francis thinks border family separations are 'immoral' https://www.cbsnews.com/news/pope-francis-donald-trump-border-children-separating-families-immoral-catholic/ …","","","","1013940346986696704","","","https://twitter.com/robvonurikon/status/1013940346986696704",""
"skm1955","2018-07-02-18:19",0,0,0,"Pope Francis thinks border family separations are 'immoral' https://www.cbsnews.com/news/pope-francis-donald-trump-border-children-separating-families-immoral-catholic/ …","","","","1013909988107055104","","","https://twitter.com/skm1955/status/1013909988107055104",""
"pattimollica","2018-07-02-15:35",0,0,0,"Pope Francis thinks border family separations are 'immoral' https://www.cbsnews.com/news/pope-francis-donald-trump-border-children-separating-families-immoral-catholic/ …","","","","1013868889904701440","","","https://twitter.com/pattimollica/status/1013868889904701440",""
"CaroGarciaAbalo","2018-07-02-14:35",0,0,0,"Pope Francis thinks border family separations are 'immoral' https://www.cbsnews.com/news/pope-francis-donald-trump-border-children-separating-families-immoral-catholic/ …","","","","1013853630544400389","","","https://twitter.com/CaroGarciaAbalo/status/1013853630544400389",""
"CWALocal1014","2018-07-02-12:57",0,1,0,"Pope Francis thinks border family separations are 'immoral' https://www.cbsnews.com/news/pope-francis-donald-trump-border-children-separating-families-immoral-catholic/ …","","","","1013829080708460549","","","https://twitter.com/CWALocal1014/status/1013829080708460549",""
"susannbowie","2018-07-02-09:31",1,1,0,"Pope Francis thinks border family separations are 'immoral' https://www.cbsnews.com/news/pope-francis-donald-trump-border-children-separating-families-immoral-catholic/ …","","","","1013777193711865858","","","https://twitter.com/susannbowie/status/1013777193711865858",""
"karen_shrader","2018-07-02-04:06",0,0,0,"Pope Francis thinks border family separations are 'immoral' https://www.cbsnews.com/news/pope-francis-donald-trump-border-children-separating-families-immoral-catholic/ … via @ CBSNews","","@ CBSNews","","1013695474673561600","","","https://twitter.com/karen_shrader/status/1013695474673561600",""
"jpcrailjr","2018-07-02-03:20",1,0,0,"Pope Francis thinks border family separations are 'immoral' https://www.cbsnews.com/news/pope-francis-donald-trump-border-children-separating-families-immoral-catholic/ …","","","","1013683787132211200","","","https://twitter.com/jpcrailjr/status/1013683787132211200",""
"Brent_D_Fraser","2018-07-01-20:30",0,0,0,"Pope Francis thinks border family separations are 'immoral' https://www.cbsnews.com/news/pope-francis-donald-trump-border-children-separating-families-immoral-catholic/ …","","","","1013580515352481793","","","https://twitter.com/Brent_D_Fraser/status/1013580515352481793",""
"RhettSmith2012","2018-07-01-19:35",1,0,0,"Pope Francis thinks border family separations are 'immoral' https://www.cbsnews.com/news/pope-francis-donald-trump-border-children-separating-families-immoral-catholic/ …","","","","1013566752565940224","","","https://twitter.com/RhettSmith2012/status/1013566752565940224",""
"jnorton720","2018-07-01-19:03",0,2,0,"Pope Francis thinks border family separations are 'immoral' https://www.cbsnews.com/news/pope-francis-donald-trump-border-children-separating-families-immoral-catholic/ …","","","","1013558789251981315","","","https://twitter.com/jnorton720/status/1013558789251981315",""
"CatAttack360","2018-07-01-15:22",0,0,0,"Just hope US # Catholics will agree. Pope Francis thinks border family separations are 'immoral' https://www.cbsnews.com/news/pope-francis-donald-trump-border-children-separating-families-immoral-catholic/ …","","","# Catholics","1013503101360275457","","","https://twitter.com/CatAttack360/status/1013503101360275457",""
"randysusanmeyer","2018-07-01-14:20",2,3,0,"Pope Francis thinks border family separations are 'immoral' https://www.cbsnews.com/news/pope-francis-donald-trump-border-children-separating-families-immoral-catholic/ …","","","","1013487415460290560","","","https://twitter.com/randysusanmeyer/status/1013487415460290560",""
"samtyler47","2018-07-01-13:29",0,0,0,"Pope Francis thinks border family separations are 'immoral' https://www.cbsnews.com/news/pope-francis-donald-trump-border-children-separating-families-immoral-catholic/ …","","","","1013474731222331393","","","https://twitter.com/samtyler47/status/1013474731222331393",""
"MPRODUCTIONJS","2018-07-01-11:53",0,0,0,"Pope Francis thinks border family separations are 'immoral' https://www.cbsnews.com/news/pope-francis-donald-trump-border-children-separating-families-immoral-catholic/ …","","","","1013450565945380864","","","https://twitter.com/MPRODUCTIONJS/status/1013450565945380864",""
"0FkGNDpWYVmkeDE","2018-07-01-11:00",0,0,0,"Pope Francis thinks border family separations are 'immoral' https://www.cbsnews.com/news/pope-francis-donald-trump-border-children-separating-families-immoral-catholic/ …","","","","1013437068360536064","","","https://twitter.com/0FkGNDpWYVmkeDE/status/1013437068360536064",""
"beeinchicago","2018-07-01-10:58",0,0,0,"@ SenateMajLdr https://www.cbsnews.com/news/pope-francis-donald-trump-border-children-separating-families-immoral-catholic/ … Pope Francis thinks border family separations are 'immoral'. Why are you still silent about this immoral, cruel practice? Why have you done nothing to stop it now & prevent it in the future?","","@ SenateMajLdr","","1013436808263331840","","","https://twitter.com/beeinchicago/status/1013436808263331840",""
"beeinchicago","2018-07-01-10:58",0,0,0,"@ SpeakerRyan https://www.cbsnews.com/news/pope-francis-donald-trump-border-children-separating-families-immoral-catholic/ … Pope Francis thinks border family separations are 'immoral'. The leader of your church speaks out against this. Why are you still silent about this immoral, cruel practice? Why have you done nothing to stop it now & prevent it in the future","","@ SpeakerRyan","","1013436625613918208","","","https://twitter.com/beeinchicago/status/1013436625613918208",""
"DavidWhiteTenor","2018-07-01-09:58",0,0,0,"Pope Francis thinks border family separations are 'immoral' https://www.cbsnews.com/news/pope-francis-donald-trump-border-children-separating-families-immoral-catholic/ …","","","","1013421619497373697","","","https://twitter.com/DavidWhiteTenor/status/1013421619497373697",""
"MichaelDominici","2018-07-01-09:52",0,0,0,"Pope Francis thinks border family separations are 'immoral' https://www.cbsnews.com/news/pope-francis-donald-trump-border-children-separating-families-immoral-catholic/ …","","","","1013420143043661824","","","https://twitter.com/MichaelDominici/status/1013420143043661824",""
"damianmonzillo","2018-07-01-07:44",0,0,0,"Pope Francis thinks border family separations are 'immoral' https://www.cbsnews.com/news/pope-francis-donald-trump-border-children-separating-families-immoral-catholic/ …","","","","1013387818469556224","","","https://twitter.com/damianmonzillo/status/1013387818469556224",""
"TheCurtCollins","2018-07-01-03:50",0,0,0,"Pope Francis thinks border family separations are 'immoral' https://www.cbsnews.com/news/pope-francis-donald-trump-border-children-separating-families-immoral-catholic/ …","","","","1013329096724635648","","","https://twitter.com/TheCurtCollins/status/1013329096724635648",""
"jprofirio","2018-06-30-23:16",0,0,0,"Pope Francis thinks border family separations are 'immoral' https://www.cbsnews.com/news/pope-francis-donald-trump-border-children-separating-families-immoral-catholic/ …","","","","1013260060527603713","","","https://twitter.com/jprofirio/status/1013260060527603713",""
"benjochannon","2018-06-30-21:58",0,0,0,"Pope Francis thinks border family separations are 'immoral' https://www.cbsnews.com/news/pope-francis-donald-trump-border-children-separating-families-immoral-catholic/ …","","","","1013240367314030592","","","https://twitter.com/benjochannon/status/1013240367314030592",""
"Ardecydesign","2018-06-30-21:49",0,0,0,"Pope Francis thinks border family separations are 'immoral' https://www.cbsnews.com/news/pope-francis-donald-trump-border-children-separating-families-immoral-catholic/ …","","","","1013238019183333376","","","https://twitter.com/Ardecydesign/status/1013238019183333376",""
"dia14wall","2018-06-30-21:42",0,0,0,"Pope Francis thinks border family separations are 'immoral' https://www.cbsnews.com/news/pope-francis-donald-trump-border-children-separating-families-immoral-catholic/ …","","","","1013236393361932288","","","https://twitter.com/dia14wall/status/1013236393361932288",""
"Steviechords","2018-06-30-20:16",0,0,0,"Pope Francis thinks border family separations are 'immoral' https://www.cbsnews.com/news/pope-francis-donald-trump-border-children-separating-families-immoral-catholic/ …","","","","1013214713424023558","","","https://twitter.com/Steviechords/status/1013214713424023558",""
"clynch940","2018-06-30-18:18",0,0,0,"Pope Francis thinks border family separations are 'immoral' https://www.cbsnews.com/news/pope-francis-donald-trump-border-children-separating-families-immoral-catholic/ … via @ CBSNews","","@ CBSNews","","1013185004640391169","","","https://twitter.com/clynch940/status/1013185004640391169",""
"jdoyle916","2018-06-30-17:49",0,0,0,"Why should we expect anything more from an immoral @ realDonaldTrump? | Pope Francis thinks border family separations are 'immoral' https://www.cbsnews.com/news/pope-francis-donald-trump-border-children-separating-families-immoral-catholic/ … via @ CBSNews","","@ realDonaldTrump @ CBSNews","","1013177844535644161","","","https://twitter.com/jdoyle916/status/1013177844535644161",""
"CaliforniaELK","2018-06-30-17:30",1,3,0,"Pope Francis thinks border family separations are 'immoral' https://www.cbsnews.com/news/pope-francis-donald-trump-border-children-separating-families-immoral-catholic/ … via @ CBSNews","","@ CBSNews","","1013172855914184704","","","https://twitter.com/CaliforniaELK/status/1013172855914184704",""
"RobertoTellez10","2018-06-30-17:25",0,1,0,"Pope Francis thinks border family separations are 'immoral' https://www.cbsnews.com/news/pope-francis-donald-trump-border-children-separating-families-immoral-catholic/ …","","","","1013171720562229248","","","https://twitter.com/RobertoTellez10/status/1013171720562229248",""
"EversoleAnthony","2018-06-30-17:18",0,1,0,"Pope Francis thinks border family separations are 'immoral' https://www.cbsnews.com/news/pope-francis-donald-trump-border-children-separating-families-immoral-catholic/ … via @ CBSNews","","@ CBSNews","","1013169906974674945","","","https://twitter.com/EversoleAnthony/status/1013169906974674945",""
"ssandersre501","2018-06-30-16:54",0,0,0,"Pope Francis thinks border family separations are 'immoral' https://www.cbsnews.com/news/pope-francis-donald-trump-border-children-separating-families-immoral-catholic/ …","","","","1013163984684535809","","","https://twitter.com/ssandersre501/status/1013163984684535809",""
"cmarinucci","2018-06-30-14:54",6,7,0,"Pope Francis @ Pontifex thinks border family separations are 'immoral' https://www.cbsnews.com/news/pope-francis-donald-trump-border-children-separating-families-immoral-catholic/ …","","@ Pontifex","","1013133733153660928","","","https://twitter.com/cmarinucci/status/1013133733153660928",""
"PMontandon","2018-06-30-14:43",0,1,0,"Pope Francis thinks border family separations are 'immoral' https://www.cbsnews.com/news/pope-francis-donald-trump-border-children-separating-families-immoral-catholic/ …","","","","1013130837133615104","","","https://twitter.com/PMontandon/status/1013130837133615104",""
"AnthonySooHooSJ","2018-06-30-13:21",0,0,0,"Pope Francis thinks border family separations are 'immoral' http://www.cbsnews.com/news/pope-francis-donald-trump-border-children-separating-families-immoral-catholic/?ftag=COS-05-10aaa0h&utm_campaign=trueAnthem%3A+Trending+Content&utm_content=5b2f838a04d3017f0c62f9b3&utm_medium=trueAnthem&utm_source=facebook …","","","","1013110327364542465","","","https://twitter.com/AnthonySooHooSJ/status/1013110327364542465",""
"arlingtonfocus","2018-06-30-12:23",1,1,0,"Pope Francis thinks border family separations are 'immoral' https://www.cbsnews.com/news/pope-francis-donald-trump-border-children-separating-families-immoral-catholic/ …","","","","1013095681270140929","","","https://twitter.com/arlingtonfocus/status/1013095681270140929",""
"BobSandidge","2018-06-30-10:34",0,0,0,"Pope Francis thinks border family separations are 'immoral' https://www.cbsnews.com/news/pope-francis-donald-trump-border-children-separating-families-immoral-catholic/ …","","","","1013068218234269696","","","https://twitter.com/BobSandidge/status/1013068218234269696",""
"OccupyRadio3","2018-06-30-00:42",0,0,0,"Pope Francis thinks border family separations are 'immoral' https://www.cbsnews.com/news/pope-francis-donald-trump-border-children-separating-families-immoral-catholic/ …","","","","1012919220122906624","","","https://twitter.com/OccupyRadio3/status/1012919220122906624",""
"DoNotGiveUpHope","2018-06-29-21:30",0,0,0,"Pope Francis thinks border family separations are 'immoral' https://www.cbsnews.com/news/pope-francis-donald-trump-border-children-separating-families-immoral-catholic/ …","","","","1012870932111745025","","","https://twitter.com/DoNotGiveUpHope/status/1012870932111745025",""
"benjochannon","2018-06-29-20:21",0,0,0,"Pope Francis thinks border family separations are 'immoral' https://www.cbsnews.com/news/pope-francis-donald-trump-border-children-separating-families-immoral-catholic/ …","","","","1012853639818330113","","","https://twitter.com/benjochannon/status/1012853639818330113",""
"JamesHenryMill1","2018-06-29-19:45",0,0,0,"Pope Francis thinks border family separations are 'immoral' https://www.cbsnews.com/news/pope-francis-donald-trump-border-children-separating-families-immoral-catholic/ … via @ CBSNews","","@ CBSNews","","1012844531228737537","","","https://twitter.com/JamesHenryMill1/status/1012844531228737537",""
"bettyaberlin","2018-06-29-13:48",1,8,0,"Pope Francis thinks border family separations are 'immoral' https://www.cbsnews.com/news/pope-francis-donald-trump-border-children-separating-families-immoral-catholic/ …","","","","1012754698334625793","","","https://twitter.com/bettyaberlin/status/1012754698334625793",""
"VWEVOLUTIONARY","2018-06-29-09:25",0,0,0,"Pope Francis thinks border family separations are 'immoral' https://www.cbsnews.com/news/pope-francis-donald-trump-border-children-separating-families-immoral-catholic/ …","","","","1012688542479380482","","","https://twitter.com/VWEVOLUTIONARY/status/1012688542479380482",""
"urjkary0987","2018-06-28-17:27",0,0,0,"Pope Francis thinks border family separations are 'immoral' https://www.cbsnews.com/news/pope-francis-donald-trump-border-children-separating-families-immoral-catholic/ …","","","","1012447329238962176","","","https://twitter.com/urjkary0987/status/1012447329238962176",""
"tainoaz","2018-06-28-06:06",0,0,0,"Pope Francis thinks border family separations are 'immoral' https://www.cbsnews.com/news/pope-francis-donald-trump-border-children-separating-families-immoral-catholic/ …","","","","1012276117875507201","","","https://twitter.com/tainoaz/status/1012276117875507201",""
"Dorieisms","2018-06-28-03:04",1,1,0,"Pope Francis thinks border family separations are 'immoral' https://www.cbsnews.com/news/pope-francis-donald-trump-border-children-separating-families-immoral-catholic/ … via @ CBSNews","","@ CBSNews","","1012230156579041281","","","https://twitter.com/Dorieisms/status/1012230156579041281",""
"philewis","2018-06-28-02:43",0,0,0,"Pope Francis thinks border family separations are 'immoral' https://www.cbsnews.com/news/pope-francis-donald-trump-border-children-separating-families-immoral-catholic/ …","","","","1012224959798743040","","","https://twitter.com/philewis/status/1012224959798743040",""
"LizWarrenWriter","2018-06-28-01:08",0,0,0,"Pope Francis thinks border family separations are 'immoral' http://www.cbsnews.com/news/pope-francis-donald-trump-border-children-separating-families-immoral-catholic/?ftag=COS-05-10aaa0h&utm_campaign=trueAnthem%3A+Trending+Content&utm_content=5b2f838a04d3017f0c62f9b3&utm_medium=trueAnthem&utm_source=facebook …","","","","1012201036281536512","","","https://twitter.com/LizWarrenWriter/status/1012201036281536512",""
"jorgecasillasl","2018-06-27-22:07",0,0,0,"Pope Francis thinks border family separations are 'immoral' https://www.cbsnews.com/news/pope-francis-donald-trump-border-children-separating-families-immoral-catholic/ …","","","","1012155382305820672","","","https://twitter.com/jorgecasillasl/status/1012155382305820672",""
"DriverBrian","2018-06-27-20:28",1,1,1,"Pope Francis thinks border family separations are 'immoral' https://www.cbsnews.com/news/pope-francis-donald-trump-border-children-separating-families-immoral-catholic/ …","","","","1012130493339504641","","","https://twitter.com/DriverBrian/status/1012130493339504641",""
"hollyAblair","2018-06-27-18:38",0,1,0,"Pope Francis thinks border family separations are 'immoral' http://www.cbsnews.com/news/pope-francis-donald-trump-border-children-separating-families-immoral-catholic/?ftag=COS-05-10aaa0h&utm_campaign=trueAnthem%3A+Trending+Content&utm_content=5b2f838a04d3017f0c62f9b3&utm_medium=trueAnthem&utm_source=facebook …","","","","1012102983323127808","","","https://twitter.com/hollyAblair/status/1012102983323127808",""
"WentzMatt","2018-06-27-11:32",0,0,0,"Pope Francis thinks border family separations are 'immoral' https://www.cbsnews.com/news/pope-francis-donald-trump-border-children-separating-families-immoral-catholic/ … via @ CBSNews. So do we!","","@ CBSNews","","1011995657090019331","","","https://twitter.com/WentzMatt/status/1011995657090019331",""
"mbarlondsmith","2018-06-27-11:08",0,0,0,"Pope Francis thinks border family separations are 'immoral' https://www.cbsnews.com/news/pope-francis-donald-trump-border-children-separating-families-immoral-catholic/ …","","","","1011989688427728896","","","https://twitter.com/mbarlondsmith/status/1011989688427728896",""
"kevinGEEdavis","2018-06-27-10:46",0,0,0,"Pope Francis thinks border family separations are 'immoral' https://buff.ly/2IvJ26R","","","","1011983993284321280","","","https://twitter.com/kevinGEEdavis/status/1011983993284321280",""
"sww007","2018-06-27-09:08",0,0,0,"Pope Francis thinks border family separations are 'immoral' https://www.cbsnews.com/news/pope-francis-donald-trump-border-children-separating-families-immoral-catholic/ …","","","","1011959443024642048","","","https://twitter.com/sww007/status/1011959443024642048",""
"DblJerseyGirl","2018-06-27-07:38",0,0,0,"RT @ kccatdr: Pope Francis thinks border family separations are 'immoral' https://www.cbsnews.com/news/pope-francis-donald-trump-border-children-separating-families-immoral-catholic/ … via @ CBSNewspic.twitter.com/DIBfHYAcYn","","@ kccatdr @ CBSNewspic","","1011936710182211584","","","https://twitter.com/DblJerseyGirl/status/1011936710182211584","https://pbs.twimg.com/media/DgsfEvRXUAAuShr.jpg"
"Reem_Abdellatif","2018-06-27-05:10",0,1,0,"Pope Francis thinks border family separations are 'immoral' https://www.cbsnews.com/news/pope-francis-donald-trump-border-children-separating-families-immoral-catholic/ … # Trump # ICE # ChildrenInCages","","","# Trump # ICE # ChildrenInCages","1011899578055094273","","","https://twitter.com/Reem_Abdellatif/status/1011899578055094273",""
"HugeCoach","2018-06-27-05:07",0,0,0,"Pope Francis thinks border family separations are 'immoral' https://www.cbsnews.com/amp/news/pope-francis-donald-trump-border-children-separating-families-immoral-catholic/?__twitter_impression=true … ⁦ @ CBSNews⁩ https://www.cbsnews.com/news/pope-francis-donald-trump-border-children-separating-families-immoral-catholic/ …","","@ CBSNews","","1011898756634238976","","","https://twitter.com/HugeCoach/status/1011898756634238976",""
"WelshWT","2018-06-27-03:51",0,0,0,"Pope Francis thinks border family separations are 'immoral' https://www.cbsnews.com/news/pope-francis-donald-trump-border-children-separating-families-immoral-catholic/ …","","","","1011879757070438400","","","https://twitter.com/WelshWT/status/1011879757070438400",""
"rulajebreal","2018-06-27-00:26",45,86,10,"Pope Francis thinks border family separations are 'immoral.' https://www.cbsnews.com/news/pope-francis-donald-trump-border-children-separating-families-immoral-catholic/ …","","","","1011828050345037824","","","https://twitter.com/rulajebreal/status/1011828050345037824",""
"iOCDad","2018-06-26-23:47",0,0,0,"Pope Francis thinks border family separations are 'immoral' https://www.cbsnews.com/news/pope-francis-donald-trump-border-children-separating-families-immoral-catholic/ …","","","","1011818216258093057","","","https://twitter.com/iOCDad/status/1011818216258093057",""
"GeoARam","2018-06-26-22:39",0,0,0,"Pope Francis thinks border family separations are 'immoral' https://www.cbsnews.com/news/pope-francis-donald-trump-border-children-separating-families-immoral-catholic/ … via @ CBSNews","","@ CBSNews","","1011801282485604352","","","https://twitter.com/GeoARam/status/1011801282485604352",""
"StreetEYE","2018-06-26-22:37",0,0,0,"Pope Francis thinks border family separations are 'immoral' - CBS News - http://www.streeteye.com/t/bEZd - h/t @ PekingMike","","@ PekingMike","","1011800644280373249","","","https://twitter.com/StreetEYE/status/1011800644280373249",""
"Max_Doolittle","2018-06-26-22:33",4,3,1,"Pope Francis thinks border family separations are 'immoral' https://www.cbsnews.com/news/pope-francis-donald-trump-border-children-separating-families-immoral-catholic/ … via @ CBSNews","","@ CBSNews","","1011799681750523905","","","https://twitter.com/Max_Doolittle/status/1011799681750523905",""
"DrJeanneBeckman","2018-06-26-21:42",0,0,0,"Pope Francis thinks border family separations are 'immoral' https://www.cbsnews.com/news/pope-francis-donald-trump-border-children-separating-families-immoral-catholic/ …","","","","1011786799998558208","","","https://twitter.com/DrJeanneBeckman/status/1011786799998558208",""
"jkelly3rd","2018-06-26-21:40",0,0,0,"Pope Francis thinks border family separations are 'immoral' https://www.cbsnews.com/news/pope-francis-donald-trump-border-children-separating-families-immoral-catholic/ … via @ CBSNews","","@ CBSNews","","1011786190050283520","","","https://twitter.com/jkelly3rd/status/1011786190050283520",""
"papablues050164","2018-06-26-21:10",0,0,0,"Pope Francis thinks border family separations are 'immoral' https://www.cbsnews.com/news/pope-francis-donald-trump-border-children-separating-families-immoral-catholic/ …","","","","1011778884377849856","","","https://twitter.com/papablues050164/status/1011778884377849856",""
"kccatdr","2018-06-26-21:03",1,6,1,"Pope Francis thinks border family separations are 'immoral' https://www.cbsnews.com/news/pope-francis-donald-trump-border-children-separating-families-immoral-catholic/ … via @ CBSNews","","@ CBSNews","","1011776917370998784","","","https://twitter.com/kccatdr/status/1011776917370998784",""
"Squirrel1110","2018-06-26-20:59",0,1,0,"Pope Francis thinks border family separations are 'immoral' https://www.cbsnews.com/news/pope-francis-donald-trump-border-children-separating-families-immoral-catholic/ … via @ CBSNews","","@ CBSNews","","1011775970339098626","","","https://twitter.com/Squirrel1110/status/1011775970339098626",""
"509ShawnG","2018-06-26-20:43",0,0,0,"Pope Francis thinks border family separations are 'immoral' @ Pontifex https://www.cbsnews.com/news/pope-francis-donald-trump-border-children-separating-families-immoral-catholic/ … via @ CBSNews","","@ Pontifex @ CBSNews","","1011771952837550080","","","https://twitter.com/509ShawnG/status/1011771952837550080",""
"carloverkat1","2018-06-26-20:09",0,1,0,"Pope Francis thinks border family separations are 'immoral' https://www.cbsnews.com/news/pope-francis-donald-trump-border-children-separating-families-immoral-catholic/ …","","","","1011763294540128256","","","https://twitter.com/carloverkat1/status/1011763294540128256",""
"kellyryanobrien","2018-06-26-20:05",0,0,0,"Pope Francis thinks border family separations are 'immoral' - CBS News http://nzzl.us/KQBwD6H via @ nuzzel","","@ nuzzel","","1011762440030294016","","","https://twitter.com/kellyryanobrien/status/1011762440030294016",""
"DrugMD","2018-06-26-19:54",0,0,0,"Pope Francis thinks border family separations are 'immoral' https://www.cbsnews.com/news/pope-francis-donald-trump-border-children-separating-families-immoral-catholic/ … via @ CBSNews","","@ CBSNews","","1011759539798994946","","","https://twitter.com/DrugMD/status/1011759539798994946",""
"MrJeffreyGrill","2018-06-26-19:48",0,0,0,"Pope Francis thinks border family separations are 'immoral' https://www.cbsnews.com/news/pope-francis-donald-trump-border-children-separating-families-immoral-catholic/ …","","","","1011758208585781253","","","https://twitter.com/MrJeffreyGrill/status/1011758208585781253",""
"PaulaEbbenWBZ","2018-06-26-19:32",1,7,1,"'It's not easy, but populism is not the solution,' Pope Francis said Pope Francis thinks border family separations are 'immoral' https://www.cbsnews.com/news/pope-francis-donald-trump-border-children-separating-families-immoral-catholic/ …","","","","1011754161308913669","","","https://twitter.com/PaulaEbbenWBZ/status/1011754161308913669",""
"ThatBarb","2018-06-26-19:26",5,17,1,"Pope Francis thinks border family separations are 'immoral' https://www.cbsnews.com/news/pope-francis-donald-trump-border-children-separating-families-immoral-catholic/ …","","","","1011752694254534658","","","https://twitter.com/ThatBarb/status/1011752694254534658",""
"michikokakutani","2018-06-26-19:24",102,288,15,"Pope Francis thinks border family separations are 'immoral' https://www.cbsnews.com/news/pope-francis-donald-trump-border-children-separating-families-immoral-catholic/ … via @ CBSNews","","@ CBSNews","","1011752055873171456","","","https://twitter.com/michikokakutani/status/1011752055873171456",""
"GodelieveTT","2018-06-26-19:16",0,1,0,"# fearmongering and structural racism (like # ms13stuff) is not Punishable? PS: Pope Francis @ Pontifex thinks border family separations (by @ realDonaldTrump and @ GOP and @ VP are 'immoral')","","@ Pontifex @ realDonaldTrump @ GOP @ VP","# fearmongering # ms13stuff","1011750049171365891","1011748896882790400","jaketapper CNNPolitics","https://twitter.com/GodelieveTT/status/1011750049171365891",""
"New_Narrative","2018-06-26-19:05",1,5,0,"Pope Francis thinks border family separations are 'immoral' https://www.cbsnews.com/news/pope-francis-donald-trump-border-children-separating-families-immoral-catholic/ …","","","","1011747269832511489","","","https://twitter.com/New_Narrative/status/1011747269832511489",""
"dgatterdam","2018-06-26-19:05",0,0,0,"Pope Francis thinks border family separations are 'immoral' https://www.cbsnews.com/news/pope-francis-donald-trump-border-children-separating-families-immoral-catholic/ …","","","","1011747259610955777","","","https://twitter.com/dgatterdam/status/1011747259610955777",""
"kcastillo7","2018-06-26-19:04",0,0,0,"Pope Francis thinks border family separations are 'immoral' https://www.cbsnews.com/news/pope-francis-donald-trump-border-children-separating-families-immoral-catholic/ … via @ CBSNews","","@ CBSNews","","1011746968136306689","","","https://twitter.com/kcastillo7/status/1011746968136306689",""
"RayPride","2018-06-26-19:03",0,0,0,"Go, Pontifex, go. “Pope Francis thinks border family separations are 'immoral' https://www.cbsnews.com/news/pope-francis-donald-trump-border-children-separating-families-immoral-catholic/ …","","","","1011746850188251136","","","https://twitter.com/RayPride/status/1011746850188251136",""
"FarrahFazal","2018-06-26-19:03",0,0,0,"Pope Francis thinks border family separations are 'immoral' https://www.cbsnews.com/news/pope-francis-donald-trump-border-children-separating-families-immoral-catholic/ … via @ CBSNews","","@ CBSNews","","1011746679526252544","","","https://twitter.com/FarrahFazal/status/1011746679526252544",""
"GodelieveTT","2018-06-26-19:00",0,0,0,"https://www.cbsnews.com/news/pope-francis-donald-trump-border-children-separating-families-immoral-catholic/ … @ VP is such a phoney religeous. He better could listen to @ Pontifex @ GOP can never ever be the Party for # Familyvalues. It is # TrumpParty and so cruel 'Pope Francis thinks border family separations are 'immoral': https://twitter.com/maggieNYT/status/1011745186349608960 …","","@ VP @ Pontifex @ GOP","# Familyvalues # TrumpParty","1011745926673727488","","","https://twitter.com/GodelieveTT/status/1011745926673727488",""
"BarbaraDarlin","2018-06-26-18:58",0,0,0,". @ FLOTUS Pope Francis says Trump administration border family separations policy 'immoral,' contrary to 'Catholic values' - CBS News https://www.cbsnews.com/news/pope-francis-donald-trump-border-children-separating-families-immoral-catholic/ …","","@ FLOTUS","","1011745434472071168","","","https://twitter.com/BarbaraDarlin/status/1011745434472071168","https://abs.twimg.com/emoji/v2/72x72/1f914.png"
"RocknRollNurse1","2018-06-26-18:17",0,0,0,"Pope Francis thinks border family separations are 'immoral' https://www.cbsnews.com/news/pope-francis-donald-trump-border-children-separating-families-immoral-catholic/ …","","","","1011735193714126850","","","https://twitter.com/RocknRollNurse1/status/1011735193714126850",""
"MauriceMitchell","2018-06-26-17:36",0,0,0,"Pope Francis thinks border family separations are 'immoral' https://www.cbsnews.com/news/pope-francis-donald-trump-border-children-separating-families-immoral-catholic/ …","","","","1011724902771064832","","","https://twitter.com/MauriceMitchell/status/1011724902771064832",""
"wangjingping","2018-06-26-14:12",1,3,0,"Pope Francis thinks border family separations are 'immoral' https://www.cbsnews.com/news/pope-francis-donald-trump-border-children-separating-families-immoral-catholic/ …","","","","1011673683209973760","","","https://twitter.com/wangjingping/status/1011673683209973760",""
"MauriceMitchell","2018-06-26-07:26",0,0,0,"Pope Francis thinks border family separations are 'immoral' https://www.cbsnews.com/news/pope-francis-donald-trump-border-children-separating-families-immoral-catholic/ …","","","","1011571502456758272","","","https://twitter.com/MauriceMitchell/status/1011571502456758272",""
"mariaminerd1","2018-06-26-03:43",0,0,0,"Pope Francis thinks border family separations are 'immoral' https://www.cbsnews.com/news/pope-francis-donald-trump-border-children-separating-families-immoral-catholic/ … via @ CBSNews","","@ CBSNews","","1011515400427790336","","","https://twitter.com/mariaminerd1/status/1011515400427790336",""
"kellumsong","2018-06-26-00:21",0,0,0,"Pope Francis thinks border family separations are 'immoral' https://www.cbsnews.com/news/pope-francis-donald-trump-border-children-separating-families-immoral-catholic/ …","","","","1011464497792520192","","","https://twitter.com/kellumsong/status/1011464497792520192",""
"BrettHBoyer","2018-06-26-00:10",0,0,0,". @ Pontifex has zero room to judge with the handling of child molesters in the church. Pope Francis calls Donald Trump's separation of families at border 'immoral' https://www.independent.co.uk/news/world/americas/us-politics/donald-trump-child-separation-pope-francis-immoral-us-border-a8407821.html …","","@ Pontifex","","1011461767770378240","","","https://twitter.com/BrettHBoyer/status/1011461767770378240",""
"trilingual1946","2018-06-25-23:49",0,0,0,"Pope Francis thinks border family separations are 'immoral' https://www.cbsnews.com/news/pope-francis-donald-trump-border-children-separating-families-immoral-catholic/ …","","","","1011456386583195648","","","https://twitter.com/trilingual1946/status/1011456386583195648",""
"DreamArtsProds","2018-06-25-23:45",0,0,0,"Pope Francis thinks border family separations are 'immoral' http://www.cbsnews.com/news/pope-francis-donald-trump-border-children-separating-families-immoral-catholic/?ftag=COS-05-10aaa0h&utm_campaign=trueAnthem%3A+Trending+Content&utm_content=5b2f838a04d3017f0c62f9b3&utm_medium=trueAnthem&utm_source=facebook …","","","","1011455445859491840","","","https://twitter.com/DreamArtsProds/status/1011455445859491840",""
"claudiaculliso","2018-06-25-23:24",0,0,0,"Pope Francis thinks border family separations are 'immoral' https://www.cbsnews.com/news/pope-francis-donald-trump-border-children-separating-families-immoral-catholic/ … via @ CBSNews","","@ CBSNews","","1011450150944829440","","","https://twitter.com/claudiaculliso/status/1011450150944829440",""
"IsbellMission","2018-06-25-21:50",0,0,0,"ICYMI: Pope Francis thinks border family separations are 'immoral' https://www.cbsnews.com/news/pope-francis-donald-trump-border-children-separating-families-immoral-catholic/ …","","","","1011426448400363520","","","https://twitter.com/IsbellMission/status/1011426448400363520",""
"lenorechinn","2018-06-25-20:28",0,0,0,"Pope Francis thinks border family separations are 'immoral' https://www.cbsnews.com/news/pope-francis-donald-trump-border-children-separating-families-immoral-catholic/ …","","","","1011405840266326016","","","https://twitter.com/lenorechinn/status/1011405840266326016",""
"phyturrecords","2018-06-25-20:23",0,0,0,"Pope Francis thinks border family separations are 'immoral' http://www.cbsnews.com/news/pope-francis-donald-trump-border-children-separating-families-immoral-catholic/?ftag=COS-05-10aaa0h&utm_campaign=trueAnthem%3A+Trending+Content&utm_content=5b2f838a04d3017f0c62f9b3&utm_medium=trueAnthem&utm_source=facebook …","","","","1011404439192825856","","","https://twitter.com/phyturrecords/status/1011404439192825856",""
"mamaloca","2018-06-25-19:39",0,0,0,"Pope Francis thinks border family separations are 'immoral' https://www.cbsnews.com/news/pope-francis-donald-trump-border-children-separating-families-immoral-catholic/ …","","","","1011393582882844673","","","https://twitter.com/mamaloca/status/1011393582882844673",""
"laughswithkat","2018-06-25-19:03",0,0,0,"Pope Francis thinks border family separations are 'immoral' https://www.cbsnews.com/news/pope-francis-donald-trump-border-children-separating-families-immoral-catholic/ …","","","","1011384482778243072","","","https://twitter.com/laughswithkat/status/1011384482778243072",""
"GIGMONTE","2018-06-25-18:33",0,0,0,"Pope Francis thinks border family separations are 'immoral' https://www.cbsnews.com/news/pope-francis-donald-trump-border-children-separating-families-immoral-catholic/ …","","","","1011376931168833537","","","https://twitter.com/GIGMONTE/status/1011376931168833537",""
"Noticortas","2018-06-25-17:08",0,0,0,"@ Pontifex “Politics and religion shouldn’t be mixed; if you have any objection to the USA laws; my advice if that you should open the Vatican to this poor people.” Pope Francis thinks border family separations are 'immoral' https://www.cbsnews.com/news/pope-francis-donald-trump-border-children-separating-families-immoral-catholic/ … via @ CBSNews","","@ Pontifex @ CBSNews","","1011355447578595328","","","https://twitter.com/Noticortas/status/1011355447578595328",""
"cjeanfils","2018-06-25-16:47",0,0,0,"Pope Francis thinks border family separations are 'immoral' https://www.cbsnews.com/news/pope-francis-donald-trump-border-children-separating-families-immoral-catholic/ … via @ CBSNews","","@ CBSNews","","1011350260650774529","","","https://twitter.com/cjeanfils/status/1011350260650774529",""
"GeraldineTerra4","2018-06-25-16:06",0,0,0,"Pope Francis thinks border family separations are 'immoral' https://www.cbsnews.com/news/pope-francis-donald-trump-border-children-separating-families-immoral-catholic/ …","","","","1011339778502156292","","","https://twitter.com/GeraldineTerra4/status/1011339778502156292",""
"shashabbasmith","2018-06-25-15:47",0,0,0,"Pope Francis calls Trump administration's policy of family separations 'immoral' https://cbsn.ws/2I5tF55","","","","1011335081426849792","","","https://twitter.com/shashabbasmith/status/1011335081426849792",""
"CitizensUnTied","2018-06-25-15:34",0,1,0,"Pope Francis thinks border family separations are 'immoral' https://www.cbsnews.com/news/pope-francis-donald-trump-border-children-separating-families-immoral-catholic/ …","","","","1011331837975846915","","","https://twitter.com/CitizensUnTied/status/1011331837975846915",""
"PriestWalker","2018-06-25-14:52",0,0,0,"Pope Francis thinks border family separations are 'immoral' https://www.cbsnews.com/news/pope-francis-donald-trump-border-children-separating-families-immoral-catholic/ …","","","","1011321342375989248","","","https://twitter.com/PriestWalker/status/1011321342375989248",""
"DoNotGiveUpHope","2018-06-25-14:40",0,0,0,"Pope Francis thinks border family separations are 'immoral' https://www.cbsnews.com/news/pope-francis-donald-trump-border-children-separating-families-immoral-catholic/?ftag=COS-05-10aaa0h&utm_campaign=trueAnthem%3A+Trending+Content&utm_content=5b2f838a04d3017f0c62f9b3&utm_medium=trueAnthem&utm_source=facebook …","","","","1011318319092297728","","","https://twitter.com/DoNotGiveUpHope/status/1011318319092297728",""
"Garysusich1","2018-06-25-14:36",0,0,0,"Pope Francis thinks border family separations are 'immoral' https://www.cbsnews.com/news/pope-francis-donald-trump-border-children-separating-families-immoral-catholic/ …","","","","1011317323247079425","","","https://twitter.com/Garysusich1/status/1011317323247079425",""
"constitutionsue","2018-06-25-10:26",2,3,0,"Pope Francis thinks border family separations are 'immoral' https://www.cbsnews.com/news/pope-francis-donald-trump-border-children-separating-families-immoral-catholic/ …","","","","1011254408888365058","","","https://twitter.com/constitutionsue/status/1011254408888365058",""
"AngelaZirpoli","2018-06-25-09:41",0,0,0,"Pope Francis thinks border family separations are 'immoral' https://www.cbsnews.com/news/pope-francis-donald-trump-border-children-separating-families-immoral-catholic/ …","","","","1011242949722681345","","","https://twitter.com/AngelaZirpoli/status/1011242949722681345",""
"johnmac13","2018-06-25-09:39",0,0,0,"Pope Francis thinks border family separations are 'immoral' https://www.cbsnews.com/news/pope-francis-donald-trump-border-children-separating-families-immoral-catholic/ …","","","","1011242537452036097","","","https://twitter.com/johnmac13/status/1011242537452036097",""
"holthaus10","2018-06-25-09:09",0,0,0,"Pope Francis thinks border family separations are 'immoral' https://www.cbsnews.com/news/pope-francis-donald-trump-border-children-separating-families-immoral-catholic/ …","","","","1011234835329929217","","","https://twitter.com/holthaus10/status/1011234835329929217",""
"MPRODUCTIONJS","2018-06-25-09:07",0,0,0,"Pope Francis thinks border family separations are 'immoral' http://www.cbsnews.com/news/pope-francis-donald-trump-border-children-separating-families-immoral-catholic/?ftag=COS-05-10aaa0h&utm_campaign=trueAnthem%3A+Trending+Content&utm_content=5b2f838a04d3017f0c62f9b3&utm_medium=trueAnthem&utm_source=facebook …","","","","1011234385469870085","","","https://twitter.com/MPRODUCTIONJS/status/1011234385469870085",""
"ValerieKovach","2018-06-25-08:52",0,0,0,"Pope Francis thinks border family separations are 'immoral' http://www.cbsnews.com/news/pope-francis-donald-trump-border-children-separating-families-immoral-catholic/?ftag=COS-05-10aaa0h&utm_campaign=trueAnthem%3A+Trending+Content&utm_content=5b2f838a04d3017f0c62f9b3&utm_medium=trueAnthem&utm_source=facebook …","","","","1011230677260529665","","","https://twitter.com/ValerieKovach/status/1011230677260529665",""
"tirrella","2018-06-25-08:45",0,0,0,"Pope Francis thinks border family separations are 'immoral' https://www.cbsnews.com/news/pope-francis-donald-trump-border-children-separating-families-immoral-catholic/?ftag=COS-05-10aaa0h&utm_campaign=trueAnthem%3A+Trending+Content&utm_content=5b2f838a04d3017f0c62f9b3&utm_medium=trueAnthem&utm_source=facebook …","","","","1011228972091363328","","","https://twitter.com/tirrella/status/1011228972091363328",""
"BirdyCity","2018-06-25-08:40",0,0,0,"Pope Francis thinks border family separations are 'immoral' https://www.cbsnews.com/news/pope-francis-donald-trump-border-children-separating-families-immoral-catholic/ …","","","","1011227724839612416","","","https://twitter.com/BirdyCity/status/1011227724839612416",""
"DemJewishPA","2018-06-25-08:33",0,0,0,"Pope Francis thinks border family separations are 'immoral' https://www.cbsnews.com/news/pope-francis-donald-trump-border-children-separating-families-immoral-catholic/ …","","","","1011225976230031360","","","https://twitter.com/DemJewishPA/status/1011225976230031360",""
"RobinElizLyons","2018-06-25-08:12",0,0,0,"Pope Francis thinks border family separations are 'immoral' https://www.cbsnews.com/news/pope-francis-donald-trump-border-children-separating-families-immoral-catholic/ … via @ CBSNews","","@ CBSNews","","1011220709866196993","","","https://twitter.com/RobinElizLyons/status/1011220709866196993",""
"sarahguestperry","2018-06-25-07:21",0,1,0,"Pope Francis thinks border family separations are 'immoral' http://www.cbsnews.com/news/pope-francis-donald-trump-border-children-separating-families-immoral-catholic/?ftag=COS-05-10aaa0h&utm_campaign=trueAnthem%3A+Trending+Content&utm_content=5b2f838a04d3017f0c62f9b3&utm_medium=trueAnthem&utm_source=facebook …","","","","1011207675068211200","","","https://twitter.com/sarahguestperry/status/1011207675068211200",""
"AlufKwabenaBey","2018-06-25-02:17",0,0,0,"Pope Francis thinks border family separations are 'immoral' http://www.cbsnews.com/news/pope-francis-donald-trump-border-children-separating-families-immoral-catholic/?ftag=COS-05-10aaa0h&utm_campaign=trueAnthem%3A+Trending+Content&utm_content=5b2f838a04d3017f0c62f9b3&utm_medium=trueAnthem&utm_source=facebook …","","","","1011131295269826560","","","https://twitter.com/AlufKwabenaBey/status/1011131295269826560",""
"dia14wall","2018-06-25-01:41",0,0,0,"Pope Francis thinks border family separations are 'immoral' https://www.cbsnews.com/news/pope-francis-donald-trump-border-children-separating-families-immoral-catholic/ …","","","","1011122216270999558","","","https://twitter.com/dia14wall/status/1011122216270999558",""
"MediumTony1","2018-06-25-00:49",0,0,0,"Pope Francis thinks border family separations are 'immoral' http://www.cbsnews.com/news/pope-francis-donald-trump-border-children-separating-families-immoral-catholic/?ftag=COS-05-10aaa0h&utm_campaign=trueAnthem%3A+Trending+Content&utm_content=5b2f838a04d3017f0c62f9b3&utm_medium=trueAnthem&utm_source=facebook …","","","","1011109027948978176","","","https://twitter.com/MediumTony1/status/1011109027948978176",""
"LatinosMatter","2018-06-25-00:28",4,7,0,"Pope Francis thinks border family separations are 'immoral' https://www.cbsnews.com/news/pope-francis-donald-trump-border-children-separating-families-immoral-catholic/ …","","","","1011103710351708160","","","https://twitter.com/LatinosMatter/status/1011103710351708160",""
"nastywomen48","2018-06-24-23:34",0,1,0,"Pope Francis thinks border family separations are 'immoral' https://www.cbsnews.com/news/pope-francis-donald-trump-border-children-separating-families-immoral-catholic/ …","","","","1011090273194205186","","","https://twitter.com/nastywomen48/status/1011090273194205186",""
"SunCityDiane","2018-06-24-23:28",0,0,0,"Pope Francis thinks border family separations are 'immoral' https://www.cbsnews.com/news/pope-francis-donald-trump-border-children-separating-families-immoral-catholic/ … via @ CBSNews","","@ CBSNews","","1011088668902199296","","","https://twitter.com/SunCityDiane/status/1011088668902199296",""
"studioclub","2018-06-24-23:07",0,0,0,"Pope Francis thinks border family separations are 'immoral' https://www.cbsnews.com/news/pope-francis-donald-trump-border-children-separating-families-immoral-catholic/ …","","","","1011083511585964032","","","https://twitter.com/studioclub/status/1011083511585964032",""
"Roberta9700","2018-06-24-23:03",0,0,0,"Pope Francis thinks border family separations are 'immoral' https://www.cbsnews.com/news/pope-francis-donald-trump-border-children-separating-families-immoral-catholic/ …","","","","1011082353345744912","","","https://twitter.com/Roberta9700/status/1011082353345744912",""
"OccupyRadio3","2018-06-24-22:29",0,0,0,"Pope Francis thinks border family separations are 'immoral' http://www.cbsnews.com/news/pope-francis-donald-trump-border-children-separating-families-immoral-catholic/?ftag=COS-05-10aaa0h&utm_campaign=trueAnthem%3A+Trending+Content&utm_content=5b2f838a04d3017f0c62f9b3&utm_medium=trueAnthem&utm_source=facebook …","","","","1011073892201398272","","","https://twitter.com/OccupyRadio3/status/1011073892201398272",""
"Ilikewoods","2018-06-24-22:20",0,0,0,"Pope Francis thinks border family separations are 'immoral' https://www.cbsnews.com/news/pope-francis-donald-trump-border-children-separating-families-immoral-catholic/ …","","","","1011071625540882433","","","https://twitter.com/Ilikewoods/status/1011071625540882433",""
"VWEVOLUTIONARY","2018-06-24-21:06",0,0,0,"Pope Francis thinks border family separations are 'immoral' http://www.cbsnews.com/news/pope-francis-donald-trump-border-children-separating-families-immoral-catholic/?ftag=COS-05-10aaa0h&utm_campaign=trueAnthem%3A+Trending+Content&utm_content=5b2f838a04d3017f0c62f9b3&utm_medium=trueAnthem&utm_source=facebook …","","","","1011052858689630208","","","https://twitter.com/VWEVOLUTIONARY/status/1011052858689630208",""
"ShelleyBuck","2018-06-24-20:58",0,0,0,"Pope Francis thinks border family separations are 'immoral' https://www.cbsnews.com/news/pope-francis-donald-trump-border-children-separating-families-immoral-catholic/ …","","","","1011050947198373888","","","https://twitter.com/ShelleyBuck/status/1011050947198373888",""
"rowansmom1127","2018-06-24-20:23",0,0,0,"Pope Francis thinks border family separations are 'immoral' https://www.cbsnews.com/news/pope-francis-donald-trump-border-children-separating-families-immoral-catholic/ …","","","","1011042221611798528","","","https://twitter.com/rowansmom1127/status/1011042221611798528",""
"helenmag","2018-06-24-20:21",1,2,0,"Pope Francis thinks border family separations are 'immoral' # FamiliesBelongTogether https://www.cbsnews.com/news/pope-francis-donald-trump-border-children-separating-families-immoral-catholic/ …","","","# FamiliesBelongTogether","1011041606139547649","","","https://twitter.com/helenmag/status/1011041606139547649",""
"diamondryan","2018-06-24-19:57",0,0,0,"Pope Francis thinks border family separations are 'immoral' http://www.cbsnews.com/news/pope-francis-donald-trump-border-children-separating-families-immoral-catholic/?ftag=COS-05-10aaa0h&utm_campaign=trueAnthem%3A+Trending+Content&utm_content=5b2f838a04d3017f0c62f9b3&utm_medium=trueAnthem&utm_source=facebook …","","","","1011035638819442689","","","https://twitter.com/diamondryan/status/1011035638819442689",""
"pinkjimiphoton","2018-06-24-19:46",0,0,0,"Pope Francis thinks border family separations are 'immoral' https://www.cbsnews.com/news/pope-francis-donald-trump-border-children-separating-families-immoral-catholic/ …","","","","1011032725858521095","","","https://twitter.com/pinkjimiphoton/status/1011032725858521095",""
"ResistMonsters","2018-06-24-19:44",0,0,0,"@ Pontifex Pope Francis thinks border family separations are 'immoral' https://www.cbsnews.com/news/pope-francis-donald-trump-border-children-separating-families-immoral-catholic/ … via @ CBSNews @ realDonaldTrump @ gop @ SpeakerRyan Evil. We know which masters you really serve.","","@ Pontifex @ CBSNews @ realDonaldTrump @ gop @ SpeakerRyan","","1011032343375642625","","","https://twitter.com/ResistMonsters/status/1011032343375642625",""
"GiovanniVitaco","2018-06-24-19:30",0,1,0,"Pope Francis thinks border family separations are 'immoral' https://www.cbsnews.com/news/pope-francis-donald-trump-border-children-separating-families-immoral-catholic/ …","","","","1011028818948165632","","","https://twitter.com/GiovanniVitaco/status/1011028818948165632",""
"lovinglatina","2018-06-24-19:13",0,0,0,"Pope Francis thinks border family separations are 'immoral' https://www.cbsnews.com/news/pope-francis-donald-trump-border-children-separating-families-immoral-catholic/ … via @ CBSNews","","@ CBSNews","","1011024505353973761","","","https://twitter.com/lovinglatina/status/1011024505353973761",""
"Jalozyin","2018-06-24-19:11",0,0,0,"Pope Francis thinks border family separations are 'immoral' https://www.cbsnews.com/news/pope-francis-donald-trump-border-children-separating-families-immoral-catholic/ …","","","","1011024004923183104","","","https://twitter.com/Jalozyin/status/1011024004923183104",""
"GhaziDoleh","2018-06-24-19:10",0,0,0,"Pope Francis thinks border family separations are 'immoral' https://www.cbsnews.com/news/pope-francis-donald-trump-border-children-separating-families-immoral-catholic/ …","","","","1011023766309294081","","","https://twitter.com/GhaziDoleh/status/1011023766309294081",""
"browardbats","2018-06-24-18:43",0,1,0,"@ marcorubio @ POTUS @ realDonaldTrump @ SpeakerRyan Pope Francis thinks border family separations are 'immoral' https://www.cbsnews.com/news/pope-francis-donald-trump-border-children-separating-families-immoral-catholic/ … via @ CBSNews","","@ marcorubio @ POTUS @ realDonaldTrump @ SpeakerRyan @ CBSNews","","1011017116923977729","","","https://twitter.com/browardbats/status/1011017116923977729",""